"","year","period","predicted_abundance","arma","aicc","Lo 50","Hi 50","Lo 95","Hi 95","model"
"1",2017,1,387.051350549662,"0100210",88.2233039932445,256.588463303321,583.848338439222,117.215078918071,1278.0672021475,"7"
