"","year","period","predicted_abundance","arma","aicc","Lo 50","Hi 50","Lo 95","Hi 95","model"
"1",2009,1,58275.6189988849,"0000210",20.6568169448065,44893.7171217505,75646.3930240665,27305.5275851943,124372.171865473,"14"
