"","year","period","predicted_abundance","arma","aicc","Lo 50","Hi 50","Lo 95","Hi 95","model"
"1",2005,1,536.736535368093,"0101210",64.4092767784942,364.505593495878,790.347565413155,174.346546690184,1652.3763382069,"8"
