"","year","period","predicted_abundance","arma","aicc","Lo 50","Hi 50","Lo 95","Hi 95","model"
"1",2010,1,1027.58600473962,"0101210",67.6882054515802,715.747978639921,1475.28603453864,359.278743602438,2939.03554256799,"6"
