"","year","period","predicted_abundance","arma","aicc","Lo 50","Hi 50","Lo 95","Hi 95","model"
"1",2022,1,532.98245233747,"0100210",99.1160733598333,350.817884626355,809.737208244722,158.095855413705,1796.82315995134,"11"
