"","year","period","predicted_abundance","arma","aicc","Lo 50","Hi 50","Lo 95","Hi 95","model"
"1",2007,1,480.583078289826,"0101210",62.7869712923312,335.616794921152,688.166082966098,169.306994929953,1364.14975195845,"10"
