"","year","period","predicted_abundance","arma","aicc","Lo 50","Hi 50","Lo 95","Hi 95","model"
"1",2017,1,284.189556090937,"0100210",91.4010274398476,185.631440647471,435.075564298079,82.4427754288435,979.633489666673,"11"
