"","year","period","predicted_abundance","arma","aicc","Lo 50","Hi 50","Lo 95","Hi 95","model"
"1",2016,1,608.071721873092,"0100210",81.0431261289015,413.097596489781,895.069886834488,197.722862043009,1870.04787975038,"10"
