"","year","period","predicted_abundance","arma","aicc","Lo 50","Hi 50","Lo 95","Hi 95","model"
"1",2014,1,68131.8940080392,"0000210",21.3344611019714,53589.1083862041,86621.2392949181,33911.4514261574,136884.585763915,"12"
