"","year","period","predicted_abundance","arma","aicc","Lo 50","Hi 50","Lo 95","Hi 95","model"
"1",2014,1,208.309294976761,"0101210",76.5469755935361,143.37172142581,302.659143254896,70.3475661411491,616.833882875915,"8"
