"","year","period","predicted_abundance","arma","aicc","Lo 50","Hi 50","Lo 95","Hi 95","model"
"1",2020,1,165.996123191048,"1100210",48.8102575765766,128.954729785002,213.67741191345,79.6967888333036,345.744330704362,"1"
