"","year","period","predicted_abundance","arma","aicc","Lo 50","Hi 50","Lo 95","Hi 95","model"
"1",2002,1,1242.37675948154,"0101210",61.3638106206412,833.293156676904,1852.28931754965,389.240635374889,3965.41335159744,"8"
