"","year","period","predicted_abundance","arma","aicc","Lo 50","Hi 50","Lo 95","Hi 95","model"
"1",2021,1,332.219130683103,"0100210",95.6694508629499,220.139269248206,501.36239285593,100.478001739753,1098.44492208059,"8"
