"","year","period","predicted_abundance","arma","aicc","Lo 50","Hi 50","Lo 95","Hi 95","model"
"1",2017,1,264.891118920016,"0100210",89.3250090557008,174.734396400296,401.565497853972,79.0701998025145,887.405179928061,"9"
