"","year","period","predicted_abundance","arma","aicc","Lo 50","Hi 50","Lo 95","Hi 95","model"
"1",2007,1,565.08079044591,"0101210",65.7524407669333,388.083709089715,822.802638327591,189.635450081717,1683.84286584273,"8"
