"","year","period","predicted_abundance","arma","aicc","Lo 50","Hi 50","Lo 95","Hi 95","model"
"1",2012,1,441.953779276255,"0101210",54.5133938983718,333.666071194665,585.385089701286,195.287844758537,1000.18074989804,"5"
