"","year","period","predicted_abundance","arma","aicc","Lo 50","Hi 50","Lo 95","Hi 95","model"
"1",1997,1,13413.4514372444,"0000200",4.09251886420645,11623.549280837,15478.9793644131,8846.91161399921,20337.1173251704,"13"
