"","year","period","predicted_abundance","arma","aicc","Lo 50","Hi 50","Lo 95","Hi 95","model"
"1",2005,1,71294.2089809663,"0000210",15.5227833474788,55755.6380687864,91163.2331774395,34898.772769349,145645.930526413,"14"
