"","year","period","predicted_abundance","arma","aicc","Lo 50","Hi 50","Lo 95","Hi 95","model"
"1",2011,1,1018.09405999335,"0101210",67.1347269878493,716.733812574519,1446.16522453511,367.155148480175,2823.09949699563,"7"
