"","year","period","predicted_abundance","arma","aicc","Lo 50","Hi 50","Lo 95","Hi 95","model"
"1",2004,1,594.751924497755,"0101200",64.9278422492241,408.371708453371,866.195782840752,199.465852944242,1773.38550169118,"6"
