"","year","period","predicted_abundance","arma","aicc","Lo 50","Hi 50","Lo 95","Hi 95","model"
"1",2008,1,395.2290951017,"0101210",66.2775888474942,272.991860511643,572.200348106153,134.859516874451,1158.28709189526,"8"
